{
"lengthUnit": "mil",
"remark": [],
"components": {
	"fields": ["COMPONENT_NO", "COMPONENT_NAME", "LAYER", "X_COORDINATE", "Y_COORDINATE", "ANGLE"],
	"rows": [
		[1, "C1", "T", 575, -650, 0],
		[2, "C2", "T", 1055, -755, 180],
		[3, "C3", "T", 805, -1050, 180],
		[4, "C4", "T", 818.46, -971.54, 0],
		[5, "LED1", "T", 450, -765, 90],
		[6, "P1", "T", 905, -545, 180],
		[7, "R1", "T", 602.523, -1034.06, 180],
		[8, "R2", "T", 450, -980, 180],
		[9, "R3", "T", 950, -985, 180],
		[10, "R4", "T", 870, -760, 180],
		[11, "U1", "T", 607.009, -841.053, 0],
		[12, "USB1", "T", 916.392, -871.13, 0],
		[13, "PAD1", "T", 614.37, -650, 0],
		[14, "PAD2", "T", 535.63, -650, 0],
		[15, "PAD3", "T", 1015.63, -755, 0],
		[16, "PAD4", "T", 1094.37, -755, 0],
		[17, "PAD5", "T", 765.63, -1050, 0],
		[18, "PAD6", "T", 844.37, -1050, 0],
		[19, "PAD7", "T", 835, -971.54, 0],
		[20, "PAD8", "T", 801.92, -971.54, 0],
		[21, "PAD9", "T", 450, -806.35, 0],
		[22, "PAD10", "T", 450, -723.65, 0],
		[23, "PAD11", "T", 1003.6, -545, 0],
		[24, "PAD11", "B", 1003.6, -545, 0],
		[25, "PAD12", "T", 806.4, -545, 0],
		[26, "PAD12", "B", 806.4, -545, 0],
		[27, "PAD13", "T", 544.303, -1034.06, 0],
		[28, "PAD14", "T", 660.743, -1034.06, 0],
		[29, "PAD15", "T", 432.96, -980, 0],
		[30, "PAD16", "T", 467.04, -980, 0],
		[31, "PAD17", "T", 920.34, -985, 0],
		[32, "PAD18", "T", 979.66, -985, 0],
		[33, "PAD19", "T", 840.34, -760, 0],
		[34, "PAD20", "T", 899.66, -760, 0],
		[35, "PAD21", "T", 532.009, -955.553, 0],
		[36, "PAD22", "T", 582.009, -955.553, 0],
		[37, "PAD23", "T", 632.009, -955.553, 0],
		[38, "PAD24", "T", 682.009, -955.553, 0],
		[39, "PAD25", "T", 682.009, -726.553, 0],
		[40, "PAD26", "T", 632.009, -726.553, 0],
		[41, "PAD27", "T", 582.009, -726.553, 0],
		[42, "PAD28", "T", 532.009, -726.553, 0],
		[43, "PAD29", "T", 805.092, -916.405, 0],
		[44, "PAD30", "T", 836.592, -916.405, 0],
		[45, "PAD31", "T", 868.082, -916.405, 0],
		[46, "PAD32", "T", 994.072, -916.405, 0],
		[47, "PAD33", "T", 1025.562, -916.405, 0],
		[48, "PAD34", "T", 1025.562, -825.855, 0],
		[49, "PAD35", "T", 994.072, -825.855, 0],
		[50, "PAD36", "T", 962.572, -825.855, 0],
		[51, "PAD37", "T", 836.592, -825.855, 0],
		[52, "PAD38", "T", 805.092, -825.855, 0],
		[53, "PAD39", "T", 772.692, -871.135, 0],
		[54, "PAD39", "B", 772.692, -871.135, 0],
		[55, "PAD40", "T", 1060.093, -871.135, 0],
		[56, "PAD40", "B", 1060.093, -871.135, 0]
	]
},
"pins": {
	"fields": ["PIN_NO", "PIN_NAME", "PIN_X", "PIN_Y", "LAYER", "PIN_TYPE", "NET_NAME", "NET_TYPE", "PAD_SHAPE", "PAD_SIZEX", "PAD_SIZEY", "HOLE_SIZE", "HOLE_LEN", "PAD_ANGLE"],
	"rows": [
		[1, "C1_1", 535.63, -650, "T", "SMD", "+5V", "", "R", 55.512, 53.15, 0, 0, 0],
		[2, "C1_2", 614.37, -650, "T", "SMD", "GND", "GND", "R", 55.512, 53.15, 0, 0, 0],
		[3, "C2_1", 1094.37, -755, "T", "SMD", "$1N1102", "", "R", 55.512, 53.15, 0, 0, 180],
		[4, "C2_2", 1015.63, -755, "T", "SMD", "GND", "GND", "R", 55.512, 53.15, 0, 0, 180],
		[5, "C3_1", 844.37, -1050, "T", "SMD", "+5V", "", "R", 55.512, 53.15, 0, 0, 180],
		[6, "C3_2", 765.63, -1050, "T", "SMD", "GND", "GND", "R", 55.512, 53.15, 0, 0, 180],
		[7, "C4_1", 801.92, -971.54, "T", "SMD", "GND", "GND", "R", 19.685, 21.26, 0, 0, 0],
		[8, "C4_2", 835, -971.54, "T", "SMD", "+5V", "", "R", 19.685, 21.26, 0, 0, 0],
		[9, "LED1_1", 450, -723.65, "T", "SMD", "+5V", "", "R", 39.37, 55.1, 0, 0, 270],
		[10, "LED1_2", 450, -806.35, "T", "SMD", "$1N770", "", "R", 39.37, 55.1, 0, 0, 270],
		[11, "P1_1", 1003.6, -545, "T", "DIP", "$1N1102", "", "C", 78.74, 78.74, 51.182, 51.182, 180],
		[12, "P1_1", 1003.6, -545, "B", "DIP", "$1N1102", "", "C", 78.74, 78.74, 51.182, 51.182, 180],
		[13, "P1_2", 806.4, -545, "T", "DIP", "GND", "GND", "C", 78.74, 78.74, 51.182, 51.182, 180],
		[14, "P1_2", 806.4, -545, "B", "DIP", "GND", "GND", "C", 78.74, 78.74, 51.182, 51.182, 180],
		[15, "R1_1", 660.743, -1034.06, "T", "SMD", "GND", "GND", "R", 47.54, 66.969, 0, 0, 180],
		[16, "R1_2", 544.303, -1034.06, "T", "SMD", "$1N543", "", "R", 47.54, 66.969, 0, 0, 180],
		[17, "R2_1", 467.04, -980, "T", "SMD", "$1N1172", "", "R", 22.27, 21.26, 0, 0, 180],
		[18, "R2_2", 432.96, -980, "T", "SMD", "$1N770", "", "R", 22.27, 21.26, 0, 0, 180],
		[19, "R3_1", 979.66, -985, "T", "SMD", "GND", "GND", "R", 31.751, 34.016, 0, 0, 180],
		[20, "R3_2", 920.34, -985, "T", "SMD", "$1N1585", "", "R", 31.751, 34.016, 0, 0, 180],
		[21, "R4_1", 899.66, -760, "T", "SMD", "$1N1795", "", "R", 31.751, 34.016, 0, 0, 180],
		[22, "R4_2", 840.34, -760, "T", "SMD", "GND", "GND", "R", 31.751, 34.016, 0, 0, 180],
		[23, "U1_1", 532.009, -955.553, "T", "SMD", "GND", "GND", "R", 23.622, 47.244, 0, 0, 0],
		[24, "U1_2", 582.009, -955.553, "T", "SMD", "$1N543", "", "R", 23.622, 47.244, 0, 0, 0],
		[25, "U1_3", 632.009, -955.553, "T", "SMD", "GND", "GND", "R", 23.622, 47.244, 0, 0, 0],
		[26, "U1_4", 682.009, -955.553, "T", "SMD", "+5V", "", "R", 23.622, 47.244, 0, 0, 0],
		[27, "U1_5", 682.009, -726.553, "T", "SMD", "$1N1102", "", "R", 23.622, 47.244, 0, 0, 0],
		[28, "U1_6", 632.009, -726.553, "T", "SMD", "GND", "GND", "R", 23.622, 47.244, 0, 0, 0],
		[29, "U1_7", 582.009, -726.553, "T", "SMD", "$1N1172", "", "R", 23.622, 47.244, 0, 0, 0],
		[30, "U1_8", 532.009, -726.553, "T", "SMD", "+5V", "", "R", 23.622, 47.244, 0, 0, 0],
		[31, "U1_9", 607.009, -841.053, "T", "SMD", "NET_1", "", "R", 129.921, 94.488, 0, 0, 180],
		[32, "USB1_1", 772.692, -871.135, "T", "DIP", "GND", "GND", "O", 51.181, 47.244, 27.56, 33.071, 0],
		[33, "USB1_1", 772.692, -871.135, "B", "DIP", "GND", "GND", "O", 51.181, 47.244, 27.56, 33.071, 0],
		[34, "USB1_2", 1060.093, -871.135, "T", "DIP", "GND", "GND", "O", 51.181, 47.244, 27.56, 33.071, 0],
		[35, "USB1_2", 1060.093, -871.135, "B", "DIP", "GND", "GND", "O", 51.181, 47.244, 27.56, 33.071, 0],
		[36, "USB1_A1", 805.092, -916.405, "T", "SMD", "GND", "GND", "R", 18.11, 39.37, 0, 0, 0],
		[37, "USB1_A12", 1025.562, -916.405, "T", "SMD", "GND", "GND", "R", 18.11, 39.37, 0, 0, 0],
		[38, "USB1_A4", 836.592, -916.405, "T", "SMD", "+5V", "", "R", 18.11, 39.37, 0, 0, 0],
		[39, "USB1_A5", 868.082, -916.405, "T", "SMD", "$1N1585", "", "R", 18.11, 39.37, 0, 0, 0],
		[40, "USB1_A6", 899.582, -916.405, "T", "SMD", "NET_2", "", "R", 18.11, 39.37, 0, 0, 0],
		[41, "USB1_A7", 931.072, -916.405, "T", "SMD", "NET_3", "", "R", 18.11, 39.37, 0, 0, 0],
		[42, "USB1_A8", 962.572, -916.405, "T", "SMD", "NET_4", "", "R", 18.11, 39.37, 0, 0, 0],
		[43, "USB1_A9", 994.072, -916.405, "T", "SMD", "+5V", "", "R", 18.11, 39.37, 0, 0, 0],
		[44, "USB1_B1", 1025.562, -825.855, "T", "SMD", "GND", "GND", "R", 18.11, 39.37, 0, 0, 0],
		[45, "USB1_B12", 805.092, -825.855, "T", "SMD", "GND", "GND", "R", 18.11, 39.37, 0, 0, 0],
		[46, "USB1_B4", 994.072, -825.855, "T", "SMD", "+5V", "", "R", 18.11, 39.37, 0, 0, 0],
		[47, "USB1_B5", 962.572, -825.855, "T", "SMD", "$1N1795", "", "R", 18.11, 39.37, 0, 0, 0],
		[48, "USB1_B6", 931.072, -825.855, "T", "SMD", "NET_5", "", "R", 18.11, 39.37, 0, 0, 0],
		[49, "USB1_B7", 899.582, -825.855, "T", "SMD", "NET_6", "", "R", 18.11, 39.37, 0, 0, 0],
		[50, "USB1_B8", 868.082, -825.855, "T", "SMD", "NET_7", "", "R", 18.11, 39.37, 0, 0, 0],
		[51, "USB1_B9", 836.592, -825.855, "T", "SMD", "+5V", "", "R", 18.11, 39.37, 0, 0, 0],
		[52, "PAD1_2", 614.37, -650, "T", "SMD", "GND", "GND", "R", 55.512, 53.15, 0, 0, 0],
		[53, "PAD2_1", 535.63, -650, "T", "SMD", "+5V", "", "R", 55.512, 53.15, 0, 0, 0],
		[54, "PAD3_2", 1015.63, -755, "T", "SMD", "GND", "GND", "R", 55.512, 53.15, 0, 0, 180],
		[55, "PAD4_1", 1094.37, -755, "T", "SMD", "$1N1102", "", "R", 55.512, 53.15, 0, 0, 180],
		[56, "PAD5_2", 765.63, -1050, "T", "SMD", "GND", "GND", "R", 55.512, 53.15, 0, 0, 180],
		[57, "PAD6_1", 844.37, -1050, "T", "SMD", "+5V", "", "R", 55.512, 53.15, 0, 0, 180],
		[58, "PAD7_2", 835, -971.54, "T", "SMD", "+5V", "", "R", 19.685, 21.26, 0, 0, 0],
		[59, "PAD8_1", 801.92, -971.54, "T", "SMD", "GND", "GND", "R", 19.685, 21.26, 0, 0, 0],
		[60, "PAD9_2", 450, -806.35, "T", "SMD", "$1N770", "", "R", 39.37, 55.1, 0, 0, 270],
		[61, "PAD10_1", 450, -723.65, "T", "SMD", "+5V", "", "R", 39.37, 55.1, 0, 0, 270],
		[62, "PAD11_1", 1003.6, -545, "T", "DIP", "$1N1102", "", "C", 78.74, 78.74, 51.182, 51.182, 180],
		[63, "PAD11_1", 1003.6, -545, "B", "DIP", "$1N1102", "", "C", 78.74, 78.74, 51.182, 51.182, 180],
		[64, "PAD12_2", 806.4, -545, "T", "DIP", "GND", "GND", "C", 78.74, 78.74, 51.182, 51.182, 180],
		[65, "PAD12_2", 806.4, -545, "B", "DIP", "GND", "GND", "C", 78.74, 78.74, 51.182, 51.182, 180],
		[66, "PAD13_2", 544.303, -1034.06, "T", "SMD", "$1N543", "", "R", 47.54, 66.969, 0, 0, 180],
		[67, "PAD14_1", 660.743, -1034.06, "T", "SMD", "GND", "GND", "R", 47.54, 66.969, 0, 0, 180],
		[68, "PAD15_2", 432.96, -980, "T", "SMD", "$1N770", "", "R", 22.27, 21.26, 0, 0, 180],
		[69, "PAD16_1", 467.04, -980, "T", "SMD", "$1N1172", "", "R", 22.27, 21.26, 0, 0, 180],
		[70, "PAD17_2", 920.34, -985, "T", "SMD", "$1N1585", "", "R", 31.751, 34.016, 0, 0, 180],
		[71, "PAD18_1", 979.66, -985, "T", "SMD", "GND", "GND", "R", 31.751, 34.016, 0, 0, 180],
		[72, "PAD19_2", 840.34, -760, "T", "SMD", "GND", "GND", "R", 31.751, 34.016, 0, 0, 180],
		[73, "PAD20_1", 899.66, -760, "T", "SMD", "$1N1795", "", "R", 31.751, 34.016, 0, 0, 180],
		[74, "PAD21_1", 532.009, -955.553, "T", "SMD", "GND", "GND", "R", 23.622, 47.244, 0, 0, 0],
		[75, "PAD22_2", 582.009, -955.553, "T", "SMD", "$1N543", "", "R", 23.622, 47.244, 0, 0, 0],
		[76, "PAD23_3", 632.009, -955.553, "T", "SMD", "GND", "GND", "R", 23.622, 47.244, 0, 0, 0],
		[77, "PAD24_4", 682.009, -955.553, "T", "SMD", "+5V", "", "R", 23.622, 47.244, 0, 0, 0],
		[78, "PAD25_5", 682.009, -726.553, "T", "SMD", "$1N1102", "", "R", 23.622, 47.244, 0, 0, 0],
		[79, "PAD26_6", 632.009, -726.553, "T", "SMD", "GND", "GND", "R", 23.622, 47.244, 0, 0, 0],
		[80, "PAD27_7", 582.009, -726.553, "T", "SMD", "$1N1172", "", "R", 23.622, 47.244, 0, 0, 0],
		[81, "PAD28_8", 532.009, -726.553, "T", "SMD", "+5V", "", "R", 23.622, 47.244, 0, 0, 0],
		[82, "PAD29_A1", 805.092, -916.405, "T", "SMD", "GND", "GND", "R", 18.11, 39.37, 0, 0, 0],
		[83, "PAD30_A4", 836.592, -916.405, "T", "SMD", "+5V", "", "R", 18.11, 39.37, 0, 0, 0],
		[84, "PAD31_A5", 868.082, -916.405, "T", "SMD", "$1N1585", "", "R", 18.11, 39.37, 0, 0, 0],
		[85, "PAD32_A9", 994.072, -916.405, "T", "SMD", "+5V", "", "R", 18.11, 39.37, 0, 0, 0],
		[86, "PAD33_A12", 1025.562, -916.405, "T", "SMD", "GND", "GND", "R", 18.11, 39.37, 0, 0, 0],
		[87, "PAD34_B1", 1025.562, -825.855, "T", "SMD", "GND", "GND", "R", 18.11, 39.37, 0, 0, 0],
		[88, "PAD35_B4", 994.072, -825.855, "T", "SMD", "+5V", "", "R", 18.11, 39.37, 0, 0, 0],
		[89, "PAD36_B5", 962.572, -825.855, "T", "SMD", "$1N1795", "", "R", 18.11, 39.37, 0, 0, 0],
		[90, "PAD37_B9", 836.592, -825.855, "T", "SMD", "+5V", "", "R", 18.11, 39.37, 0, 0, 0],
		[91, "PAD38_B12", 805.092, -825.855, "T", "SMD", "GND", "GND", "R", 18.11, 39.37, 0, 0, 0],
		[92, "PAD39_1", 772.692, -871.135, "T", "DIP", "GND", "GND", "O", 51.181, 47.244, 27.56, 33.071, 0],
		[93, "PAD39_1", 772.692, -871.135, "B", "DIP", "GND", "GND", "O", 51.181, 47.244, 27.56, 33.071, 0],
		[94, "PAD40_2", 1060.093, -871.135, "T", "DIP", "GND", "GND", "O", 51.181, 47.244, 27.56, 33.071, 0],
		[95, "PAD40_2", 1060.093, -871.135, "B", "DIP", "GND", "GND", "O", 51.181, 47.244, 27.56, 33.071, 0]
	]
}
}